<PAMDataset>
  <Metadata>
    <MDI key="DataType">Thematic</MDI>
  </Metadata>
  <Metadata domain="Esri">
    <MDI key="PyramidResamplingType">NEAREST</MDI>
  </Metadata>
  <PAMRasterBand band="1">
    <Histograms>
      <HistItem>
        <HistMin>-0.5</HistMin>
        <HistMax>45.5</HistMax>
        <BucketCount>46</BucketCount>
        <IncludeOutOfRange>1</IncludeOutOfRange>
        <Approximate>0</Approximate>
        <HistCounts>28|14311|0|0|0|31320|0|0|24044|11656|0|0|21|0|10|3970|0|0|0|0|3359|0|0|0|0|0|0|0|0|0|0|0|2881|15674|0|1625|0|0|0|2721|0|111|0|0|0|37</HistCounts>
      </HistItem>
    </Histograms>
    <Metadata>
      <MDI key="RepresentationType">THEMATIC</MDI>
      <MDI key="STATISTICS_COVARIANCES">134.5892079094949</MDI>
      <MDI key="STATISTICS_MAXIMUM">45</MDI>
      <MDI key="STATISTICS_MEAN">12.292722425023</MDI>
      <MDI key="STATISTICS_MINIMUM">0</MDI>
      <MDI key="STATISTICS_SKIPFACTORX">1</MDI>
      <MDI key="STATISTICS_SKIPFACTORY">1</MDI>
      <MDI key="STATISTICS_STDDEV">11.601258893305</MDI>
    </Metadata>
  </PAMRasterBand>
</PAMDataset>
