<PAMDataset>
  <Metadata>
    <MDI key="DataType">Generic</MDI>
  </Metadata>
  <Metadata domain="Esri">
    <MDI key="PyramidResamplingType">NEAREST</MDI>
  </Metadata>
  <PAMRasterBand band="1">
    <Description>Band_1</Description>
    <Histograms>
      <HistItem>
        <HistMin>51</HistMin>
        <HistMax>525</HistMax>
        <BucketCount>256</BucketCount>
        <IncludeOutOfRange>1</IncludeOutOfRange>
        <Approximate>0</Approximate>
        <HistCounts>1235|787|1159|775|1562|1612|1581|416|1997|1147|800|403|0|1178|0|1235|403|744|0|416|1147|756|403|403|1178|0|416|403|0|372|0|372|403|775|403|416|775|403|1235|1190|775|787|416|819|0|1996|0|806|1235|403|806|1550|0|372|384|1606|775|800|1178|0|0|744|1178|384|1996|1147|403|832|403|0|403|744|819|1209|416|403|775|372|1575|788|0|372|775|1222|1222|775|0|403|1562|0|787|403|0|403|1550|372|744|372|403|403|403|403|775|1612|0|0|806|1594|1190|403|1204|372|1966|1191|1216|806|1563|403|1562|372|403|416|0|819|806|0|0|0|0|0|819|806|372|0|0|775|416|0|775|1178|0|0|0|372|403|1191|0|0|0|756|403|1235|1209|1191|0|403|372|787|1171|384|416|0|403|0|0|403|0|0|0|0|0|372|0|403|403|0|775|372|775|0|0|372|0|0|0|0|403|0|0|0|0|0|0|0|0|0|0|0|0|0|0|0|819|0|403|0|0|0|0|0|0|384|0|0|0|0|0|0|0|0|0|0|403|0|0|0|0|372|0|0|0|0|403|0|0|0|0|0|0|0|0|0|0|0|0|416|0|372|0|0|0|0|403|0|0|403</HistCounts>
      </HistItem>
    </Histograms>
    <Metadata>
      <MDI key="BandName">Band_1</MDI>
      <MDI key="RepresentationType">THEMATIC</MDI>
      <MDI key="STATISTICS_COVARIANCES">11033.706171767</MDI>
      <MDI key="STATISTICS_MAXIMUM">525</MDI>
      <MDI key="STATISTICS_MEAN">207.92627574446</MDI>
      <MDI key="STATISTICS_MINIMUM">51</MDI>
      <MDI key="STATISTICS_SKIPFACTORX">1</MDI>
      <MDI key="STATISTICS_SKIPFACTORY">1</MDI>
      <MDI key="STATISTICS_STDDEV">105.04144977944</MDI>
    </Metadata>
  </PAMRasterBand>
</PAMDataset>
