<PAMDataset>
  <Metadata>
    <MDI key="DataType">Thematic</MDI>
  </Metadata>
  <Metadata domain="Esri">
    <MDI key="PyramidResamplingType">NEAREST</MDI>
  </Metadata>
  <PAMRasterBand band="1">
    <Histograms>
      <HistItem>
        <HistMin>-0.5</HistMin>
        <HistMax>45.5</HistMax>
        <BucketCount>46</BucketCount>
        <IncludeOutOfRange>1</IncludeOutOfRange>
        <Approximate>0</Approximate>
        <HistCounts>67|35082|0|0|0|76581|0|0|58833|28502|0|0|53|0|27|9694|0|0|0|0|8294|0|0|0|0|0|0|0|0|0|0|0|7054|38320|0|3957|0|0|0|6682|0|280|0|0|0|84</HistCounts>
      </HistItem>
    </Histograms>
    <Metadata>
      <MDI key="RepresentationType">THEMATIC</MDI>
      <MDI key="STATISTICS_COVARIANCES">134.5906935410613</MDI>
      <MDI key="STATISTICS_MAXIMUM">45</MDI>
      <MDI key="STATISTICS_MEAN">12.292471938869</MDI>
      <MDI key="STATISTICS_MINIMUM">0</MDI>
      <MDI key="STATISTICS_SKIPFACTORX">1</MDI>
      <MDI key="STATISTICS_SKIPFACTORY">1</MDI>
      <MDI key="STATISTICS_STDDEV">11.601322922023</MDI>
    </Metadata>
  </PAMRasterBand>
</PAMDataset>
